seq	output
MAHFNECAHLIEGVDKANRAYAENIMHNIDPLQVMLDMQRHLQIRLANDKPETNRHPDSLETAGEVLAWLRNQDDYIADETRELYTSLGGMSNGEKEASAVWKPWKKRYSEMQSKKIQDLSPEDQLEIKFELIDQFHFFMNKFIALGMSAEEIFKLYYLKNAENFARQDRGY	Not Matched
MILDTVDEKKKGVHTRYLILLIIFIVTAVNYADRATLSIAGTEVAKELQLSAVSMGYIFSAFGWAYLLMQIPGGWLLDKFGSKKVYTYSLFFWSLFTFLQGFVDMFPLAWAGISMFFMRFMLGFSEAPSFPANARIVAAWFPTKERGTASAIFNSAQYFSLALFSPLLGWLTFAWGWEHVFTVMGVIGFVLTALWIKLIHNPTDHPRMSAEELKFISENGAVVDMDHKKPGSAAASGPKLHYIKQLLSNRMMLGVFFGQYFINTITWFFLTWFPIYLVQEKGMSILKVGLVASIPALCGFAGGVLGGVFSDYLIKRGLSLTLARKLPIVLGMLLASTIILCNYTNNTTLVVMLMALAFFGKGFGALGWPVISDTAPKEIVGLCGGVFNVFGNVASIVTPLVIGYLVSELHSFNAALVFVGCSALMAMVCYLFVVGDIKRMELQK	An analysis of the protein sequence reveals that the enzyme's catalytic function corresponds to the chemical reaction: 2-oxoglutarate(in) + dehydroepiandrosterone 3-sulfate(out) =   2-oxoglutarate(out) + dehydroepiandrosterone 3-sulfate(in).
MDTSSSLLFFSFFFFIIIVIFNKINGLRSSPASKKKLNDHHVTSQSHGPKFPHGSLGWPVIGETIEFVSSAYSDRPESFMDKRRLMYGRVFKSHIFGTATIVSTDAEVNRAVLQSDSTAFVPFYPKTVRELMGKSSILLINGSLHRRFHGLVGSFLKSPLLKAQIVRDMHKFLSESMDLWSEDQPVLLQDVSKTVAFKVLAKALISVEKGEDLEELKREFENFISGLMSLPINFPGTQLHRSLQAKKNMVKQVERIIEGKIRKTKNKEEDDVIAKDVVDVLLKDSSEHLTHNLIANNMIDMMIPGHDSVPVLITLAVKFLSDSPAALNLLTEENMKLKSLKELTGEPLYWNDYLSLPFTQKVITETLRMGNVIIGVMRKAMKDVEIKGYVIPKGWCFLAYLRSVHLDKLYYESPYKFNPWRWQERDMNTSSFSPFGGGQRLCPGLDLARLETSVFLHHLVTRFRWIAEEDTIINFPTVHMKNKLPIWIKRI	Not Matched
MQPPASAGLFRSPENLPWPYNYMDYLVAGFLVLTAGILLRPWLWLRLRNSKTKDGDEEEDNEEKKKGMIPNGSLGWPVIGETLNFIACGYSSRPVTFMDKRKSLYGKVFKTNIIGTPIIISTDAEVNKVVLQNHGNTFVPAYPKSITELLGENSILSINGPHQKRLHTLIGAFLRSPHLKDRITRDIEASVVLTLASWAQLPLVHVQDEIKKMTFEILVKVLMSTSPGEDMNILKLEFEEFIKGLICIPIKFPGTRLYKSLKAKERLIKMVKKVVEERQVAMTTTSPANDVVDVLLRDGGDSEKQSQPSDFVSGKIVEMMIPGEETMPTAMTLAVKFLSDNPVALAKLVEENMEMKRRKLELGEEYKWTDYMSLSFTQNVINETLRMANIINGVWRKALKDVEIKGYLIPKGWCVLASFISVHMDEDIYDNPYQFDPWRWDRINGSANSSICFTPFGGGQRLCPGLELSKLEISIFLHHLVTRYSWTAEEDEIVSFPTVKMKRRLPIRVATVDDSASPISLEDH	Not Matched
MPAALVENSQVICEVWASNLEEEMRKIREIVLSYSYIAMDTEFPGVVVRPIGEFRSSIDYQYQLLRCNVDLLKIIQLGLTFTNEKGEYPSGINTWQFNFKFNLTEDMYSQDSIDLLANSGLQFQKHEEEGIDTLHFAELLMTSGVVLCDNVKWLSFHSGYDFGYMVKLLTDSRLPEEEHEFFHILNLFFPSIYDVKYLMKSCKNLKGGLQEVADQLDLQRIGRQHQAGSDSLLTGMAFFRMKELFFEDSIDDAKYCGRLYGLGTGVAQKQNEDVDSAQEKMSILAIINNMQQ	Not Matched
VPEGLDQALFLLLEAGEATGGPSCGRGGALAQGKEPAHSPRVPGPEALEGSGLLLPAARPGGSPATEERGGTSVVQALGTASSLSQSYLRSPGSGGHATNGGRLERGTCRPQPAVPPSRPRRPSRPVRQPGHSALHNPPRRQLRAPPPLRVASSSSAPARTCEKRRRSTVRRSSCSPFPLLGERCLWGTRCRRRYRHRYRRRVLSLWRGGGGGARAQRHKEDMYAQDSIELLTTSGIQFKKHEEEGIETQYFAELLMTSGVVLCEGVKWLSFHSGYDFGYLIKILTNSNLPEEELDFFEILRLFFPVIYDVKYLMKSCKNLKGGLQEVAEQLELERIGPQHQAGSDSLLTGMAFFKMREMFFEDHIDDAKYCGHLYGLGSGSSYVQNGTGNAYEEEANKQS	Not Matched
MPSAISGAPHAHIPSNEECGIRDVWKQNLEEEFRTIRKVVQKYHYVAMDTEFPGVVARPVGEFRSTADYHYQLLRCNVDLLRIIQLGLTFMDDDGKTPPGYSTWQFNFKFNLSEDMYAQDSIDLLQNSGIQFKKHEEDGIDPIDFAELLMSSGIVLVENIKWLCFHSGYDFGYLLKLLTDQNLPPDESEFFDLLHIYFPNIFNIKYLMKSCKNLKGGLQEVADQLELRRVGPQHQAGSDALLTGMAFFKMREMFFEDNIDHAKYSGHLYGLGTSFIVNGTNFHDSNGETNSAS	Based on the provided protein sequence, the enzyme appears to facilitate the chemical reaction: acetyl-CoA + alpha-D-glucosamine 1-phosphate = CoA + H(+) + N-   acetyl-alpha-D-glucosamine 1-phosphate.
METLASLYNDHLAELQKRAREVLTRNKLDALLIHSGELQRIFQDDRSYPFKVNAHFKAWVPVTSVPNCWLWVDGVNKPKLWFYSPVDYWHSVEPLPESFWTRSVELMPLANADDIAQQLPAQRERVGYIGYAQQRARDLGILAENVNPKAVLNYLDFHRSIKTGYELACMREAQKTAVMGHRAAHEAFLSGMSEFDINQAYLTATGHRDTDVPYDNIVALNEHASVLHYTTLDHQPPSEMLSFLLDAGAEYNGYAADLTRTYAGQSGSDFAQLIKDLNGEQLALMDTIKAGVRYTDYHVQMHQRVAKLLKSHKLVTGISEEAMVEQGLTTPFLPHGLGHPLGLQVHDSAGFMQDEQGTHLAAPSKYPYLRCTRMLQPGMVLTIEPGMYFIDSLLAPWRSGEFSQHFAWDRIDALKPYGGIRIEDNIVIHEKRIENMTRDLNLA	By examining the input protein sequence, the enzyme catalyzes the subsequent chemical reaction: Hydrolysis of Xaa-|-Pro dipeptides. Also acts on aminoacyl-   hydroxyproline analogs. No action on Pro-|-Pro..
MPIKKGSLVRAVRDKLDNSLEALANDTRWPSYLFETDGEVLDMRGDYALIKFGAVPTPPVWLRQDQLAESGAAAESTS	Based on the provided protein sequence, the enzyme appears to facilitate the chemical reaction: a plastoquinone + (n+1) H(+)(in) + NADPH = a plastoquinol + n   H(+)(out) + NADP(+).
